rsID	Study	Chr	pos_b37	EA	NEA	EAF	OR [95% CI]	P?value	Functional gene(s)	Location	q?value	P value heterogeneity	Beta	SE
rs35609938	EUR male	2	"58,756,729"	T	C	0.501	0.95 [0.93–0.96]	5.840?×?10?12	VRK2	FANCL–[]	1.39?×?10?4			
rs1040225	EUR male	2	"58,139,593"	G	A	0.598	1.05 [1.04–1.07]	1.820?×?10?11	VRK2	[VRK2]	1.39?×?10?4			
rs34394051	EUR male	1	"6,853,091"	G	A	0.157	1.07 [1.04–1.09]	1.510?×?10?9	CAMTA1	[CAMTA1]	0.001			
rs545889942*	EUR male	2	"104,116,510"	I	D	0.445	1.05 [1.03–1.06]	5.070?×?10?9	NA	TMEM182–[]	0.003			
rs72664949	EUR male	13	"109,280,508"	G	A	0.245	1.06 [1.04–1.07]	7.420?×?10?9	MYO16	[MYO16]	0.003			
rs10850379	EUR male	12	"110,002,777"	T	C	0.445	1.04 [1.03–1.06]	1.770?×?10?8	MMAB	[MMAB]	0.006			
rs62337988	EUR male	5	"12,031,700"	T	A	0.317	1.05 [1.03–1.07]	2.040?×?10?8	CTNND2	CTNND2–[]	0.007			
rs11353659	EUR male	15	"48,059,138"	I	D	0.637	0.96 [0.94–0.97]	2.560?×?10?8	SEMA6D	[SEMA6D]	0.008			
rs58120907	EUR male	13	"110,413,514"	G	A	0.666	0.96 [0.94–0.97]	4.810?×?10?8	IRS2	[IRS2]	0.013			
rs558002155	EUR male	8	"121,159,409"	G	A	0.999	3.51 [2.09–5.89]	4.990?×?10?8	COL14A1	[COL14A1]	0.013			
rs13107325	EUR female	4	"103,188,709"	T	C	0.0813	1.12 [1.09–1.15]	3.810?×?10?16	SLC39A8	[SLC39A8]	7.12?×?10?8			
rs572319557*	EUR female	18	"50,846,441"	I	D	0.551	1.05 [1.03–1.06]	2.950?×?10?10	DCC	[DCC]	3.46?×?10?4			
rs3801279*	EUR female	7	"104,904,868"	T	C	0.52	0.96 [0.94–0.97]	3.030?×?10?9	SRPK2	[SRPK2]	0.002			
15:29934686	EUR female	15	"29,934,686"	T	C	7.37?×?10?4	0.23 [0.13–0.42]	7.530?×?10?9	NA	FAM189A1–[]–TJP1	0.003			
rs535503154	EUR female	5	"151,965,756"	I	D	0.271	0.95 [0.94–0.97]	2.780?×?10?8	NMUR2	NMUR2–[]–GRIA1	0.009			
rs968163	EUR female	20	"51,037,935"	G	A	0.258	0.95 [0.94–0.97]	3.810?×?10?8	TSHZ2	ZFP64–[]–TSHZ2	0.012			
rs529593131	EUR female	17	"68,255,397"	T	C	2.81?×?10?4	0.04 [0.01–0.23]	3.840?×?10?8	NA	KCNJ2–[]	0.012			
rs779897701	EUR female	4	"12,449,797"	G	C	3.63?×?10?4	0.10 [0.03–0.35]	4.050?×?10?8	NA	[]–RAB28	0.012			
rs62252182	EUR female	3	"69,881,433"	G	A	0.206	1.05 [1.03–1.07]	4.510?×?10?8	MITF	[MITF]	0.013			
rs192857772	AFR male	22	"37,824,152"	G	A	0.998	0.16 [0.09–0.30]	2.240?×?10?8	CYTH4	ELFN2[]–MFNG	0.008			
rs7333000	AFR male	13	"26,535,079"	G	A	0.915	1.40 [1.24–1.59]	4.290?×?10?8	SHISA2	[ATP8A2]	0.012			
rs541395135	AFR male	12	"80,825,417"	I	D	0.945	0.65 [0.56–0.76]	4.360?×?10?8	PTPRQ	[PTPRQ]	0.013			
rs35713684	AMR female	10	"109,112,494"	G	A	0.993	2.23 [1.62–3.06]	4.580?×?10?8	SORCS1	SORCS1–[]	0.013			
rs556601931	AMR male	13	"41,980,338"	T	C	6.76?×?10?4	6.84 [3.65–12.84]	2.240?×?10?8	RGCC	NAA16–[]–RGCC	0.008			
rs13107325	Sex-combined EUR	4	"103,188,709"	T	C	0.0826	1.09 [1.07–1.12]	1.150?×?10?19	SLC39A8	[SLC39A8]		0.036		
rs72808425	Sex-combined EUR	2	"58,124,453"	T	C	0.7027	0.96 [0.95–0.97]	1.250?×?10?12	VRK2	[]-VRK2		0.273		
rs12035477	Sex-combined EUR	1	"6,906,171"	G	C	0.1567	0.95 [0.94–0.96]	2.160?×?10?12	CAMTA1	[CAMTA1]		0.176		
rs11895946	Sex-combined EUR	2	"141,004,513"	T	C	0.6667	0.96 [0.95–0.97]	2.930?×?10?11	LRP1B	[LRP1B]		0.844		
rs12040559	Sex-combined EUR	1	"96,337,925"	T	G	0.9010	1.06 [1.04–1.08]	5.650?×?10?11	PTBP2	RWDD3–[]–PTBP2		0.870		
rs34749698	Sex-combined EUR	11	"88,799,731"	T	C	0.7464	0.96 [0.95–0.97]	1.940?×?10?10	GRM5	GRM5 []–TYR		0.754		
rs4331897	Sex-combined EUR	5	"12,019,375"	G	A	0.3161	0.96 [0.95–0.97]	3.940?×?10?10	CTNND2	CTNND2–[]		0.159		
rs11264408	Sex-combined EUR	1	"153,765,007"	G	A	0.3712	1.04 [1.03–1.05]	4.420?×?10?10	CREB3L4	[GATAB2D]		0.601		
rs11353659*	Sex-combined EUR	15	"48,059,138"	I	D	0.6374	1.04 [1.02–1.05]	6.770?×?10?10	SEMA6D	[SEMA6D]		0.119		
rs6606725	Sex-combined EUR	12	"109,905,368"	C	A	0.5432	1.03 [1.02–1.04]	2.080?×?10?9	KCTD10	[KCTD10]		0.114		
rs10109510	Sex-combined EUR	8	"64,882,069"	T	C	0.6330	0.97 [0.96–0.98]	2.110?×?10?9	NA	YTHDF3–[]–BHLHE22		0.195		
rs559830614	Sex-combined EUR	6	"139,031,221"	T	C	0.9999	0.25 [0.16–0.39]	2.330?×?10?9	NA	NHSL1-[]–CCDC28A		0.518		
rs745532	Sex-combined EUR	9	"33,927,325"	G	A	0.6261	0.97 [0.96–0.98]	4.820?×?10?9	UBAP2	[UBAP2]		0.577		
rs1836999	Sex-combined EUR	5	"104,117,403"	T	A	0.4733	1.03 [1.02–1.04]	6.060?×?10?9	NA	NUDT12–[]		0.705		
rs147393141	Sex-combined EUR	15	"100,368,551"	T	C	0.0001	3.76 [2.41–5.88]	6.090?×?10?9	LYSMD4	LYSMD4–[]–ADAMTS17		0.009		
rs59183769	Sex-combined EUR	17	"67,505,113"	G	A	0.9999	3.56 [2.31–5.47]	7.530?×?10?9	MAP2K6	[MAP2K6]		0.921		
rs9384679	Sex-combined EUR	6	"108,864,419"	T	C	0.3715	0.97 [0.96–0.98]	9.430?×?10?9	ARMC2	AGFL1–[]-FOXO3		0.279		
rs7139049	Sex-combined EUR	12	"24,273,754"	T	G	0.6771	0.97 [0.96–0.98]	9.460?×?10?9	SOX5	[SOX5]		0.196		
rs8100340	Sex-combined EUR	19	"36,999,682"	T	C	0.2328	1.04 [1.02–1.05]	1.460?×?10?8	ZNF567	ZNF566-[] ZNF260		0.243		
rs182518401	Sex-combined EUR	3	"19,429,428"	T	G	0.0001	3.93 [2.45–6.32]	1.470?×?10?8	KCNH8	[KCNH8]		0.105		
rs537077603	Sex-combined EUR	9	"84,321,488"	I	D	0.4739	1.03 [1.02–1.04]	1.970?×?10?8	NA	TLE1-[]–SPATA31D4		0.195		
rs11931307	Sex-combined EUR	4	"62,241,650"	T	C	0.2584	0.96 [0.95–0.98]	2.750?×?10?8	ADGRL3	[ADGRL3]		0.494		
rs235426	Sex-combined EUR	8	"133,813,884"	G	A	0.3246	1.03 [1.02–1.05]	3.230?×?10?8	TMEM71	[PHF20L1]		0.293		
rs11167732	Sex-combined EUR	5	"154,970,396"	G	A	0.6195	1.03 [1.02–1.04]	3.370?×?10?8	SGCD	KIF4AB–[]–SGCD		0.424		
rs758717390	Sex-combined EUR	7	"116,332,923"	T	G	0.9997	0.45 [0.34–0.60]	3.760?×?10?8	MET	[MET]		0.023		
5:115941955	Sex-combined EUR	5	"115,941,955"	T	C	0.0002	2.69 [1.89–3.84]	4.080?×?10?8	NA	SEMA6A–[]		0.512		
rs35026344	Sex-combined EUR	10	"95,466,614"	I	D	0.4772	1.03 [1.02–1.04]	4.180?×?10?8	NA	FRA10AC1-[]–LGI1		0.623		
rs112352911	Sex-combined EUR	7	"104,985,287"	I	D	0.4793	1.03 [1.02–1.05]	4.450?×?10?8	SRPK2	[SRPK2]		0.085		
rs141986240	Sex-combined AMR	8	"92,110,308"	G	A	0.0016	0.38 [0.28–0.52]	1.360?×?10?9	LRRC69	OTUD6N-[]-LRRC69		0.912		
rs146784668	Sex-combined AMR	4	"20,903,635"	G	A	0.9954	1.64 [1.38–1.95]	1.560?×?10?8	PACRGL	[KCNIP4]		0.944		
rs559419877:GA	Sex-combined AMR	4	"71,289,806"	I	D	0.0035	0.51 [0.40–0.64]	1.590?×?10?8	NA	OPRPN-[]-MUC7		0.849		
rs188750450	Sex-combined AMR	15	"41,340,355"	G	C	0.9992	2.71 [1.91–3.84]	2.010?×?10?8	NA	[INO80]		0.689		
rs537943976	Sex-combined AMR	5	"165,853,802"	T	C	0.0010	2.51 [1.81–3.48]	2.890?×?10?8	NA	[]–TENM2		0.776		
rs578220221	Sex-combined AMR	4	"17,383,583"	G	C	0.9994	4.53 [2.65–7.75]	3.590?×?10?8	CLRN2	[]–[QDPR]		0.741		
rs556819764	Sex-combined AMR	16	"87,027,400"	T	C	0.0003	5.49 [2.99–10.07]	4.050?×?10?8	C16orf95	[]–C16orf95		0.833		
rs140279480	Sex-combined EAS	4	"123,158,809"	T	C	0.0025	5.05 [2.83–9.00]	4.110?×?10?8	ADCY5	[ADCY5]		0.433		
rs10109510	Female-specific meta-analysis	8	"64,882,069"	T	C	0.6430		7.460?×?10?9	NA	YTHDF3–[]–BHLHE22		0.422	?0.043	0.010
rs3801279	Female-specific meta-analysis	7	"104,904,868"	T	C	0.5000		2.050?×?10?8	SRPK2	[SRPK2]		0.744	?0.051	0.007
rs13043844	Female-specific meta-analysis	20	"50,959,453"	G	C	0.1610		2.080?×?10?8	ZFP64	ZFP64–[]–TSHZ2		0.605	?0.070	0.011
rs36075020	Female-specific meta-analysis	20	"54,698,252"	I	D	0.7500		3.750?×?10?8	CBLN4	CBLN4–[]–MC3R		0.943	0.019	0.003
rs6508220	Female-specific meta-analysis	18	"50,831,176"	G	A	0.4940		4.490?×?10?8	DCC	[DCC]		0.421	?0.037	0.011
rs950493	Male-specific meta-analysis	1	"6,944,804"	T	C	0.8400		1.920?×?10?11	CAMTA1	[CAMTA1]		0.212	?0.077	0.016
rs966721	Male-specific meta-analysis	2	"58,197,305"	T	A	0.3790		1.480?×?10?8	VRK2	[VRK2]		0.036	?0.056	0.022
rs6606725	Male-specific meta-analysis	12	"109,905,368"	C	A	0.5380		4.050?×?10?8	KCTD10	[KCTD10]		0.836	?0.038	0.005
rs13107325	Ancestry and sex-combined meta-analysis	4	"103,188,709"	T	C	7.611		1.910?×?10?17	SLC39A8	[SLC39A8]		0.162	4.324	4.324
rs950493	Ancestry and sex-combined meta-analysis	1	"6,944,804"	T	C	?0.061		4.650?×?10?14	CAMTA1	[CAMTA1]		0.038	0.019	0.019
rs13392894	Ancestry and sex-combined meta-analysis	2	"58,124,471"	T	C	0.025		6.320?×?10?11	VRK2	[]–VRK2		0.412	0.011	0.011
rs2841108	Ancestry and sex-combined meta-analysis	1	"154,013,220"	T	G	0.135		1.430?×?10?10	CREB3L4	[NUP210L]		0.433	1.401	1.401
rs3217162	Ancestry and sex-combined meta-analysis	12	"109,888,159"	I	D	?0.032		8.260?×?10?10	KCTD10	[KCTD10]		0.258	0.012	0.012
rs669480	Ancestry and sex-combined meta-analysis	11	"88,677,665"	T	C	?0.022		1.290?×?10?9	CTSC	[GRM5]		0.593	0.009	0.009
rs4624326	Ancestry and sex-combined meta-analysis	2	"140,976,973"	T	G	0.016		1.680?×?10?9	NA	[]–LRP1B		0.592	0.011	0.011
rs10842270*	Ancestry and sex-combined meta-analysis	12	"24,232,279"	C	A	?0.007		1.700?×?10?9	SOX5	SOX5–[]–BCAT1		0.308	0.013	0.013
rs11495450	Ancestry and sex-combined meta-analysis	12	"52,135,563"	T	C	?0.524		1.820?×?10?9	SCN8A	[SCN8A]		0.751	0.879	0.879
rs7806413*	Ancestry and sex-combined meta-analysis	7	"69,501,025"	C	A	?0.124		2.900?×?10?9	AUTS2	[AUTS2]		0.917	0.010	0.010
rs650891	Ancestry and sex-combined meta-analysis	9	"103,842,199"	T	A	?0.054		3.420?×?10?9	PLPPR1	[PLPPR1]		0.729	0.010	0.010
rs10109510	Ancestry and sex-combined meta-analysis	8	"64,882,069"	T	C	?0.034		3.910?×?10?9	NA	YTHDF3–[]–BHLHE22		0.128	0.015	0.015
rs4331897	Ancestry and sex-combined meta-analysis	5	"12,019,375"	G	A	?1.915		6.570?×?10?9	CTNND2	CTNND2–[]		0.125	2.486	2.486
rs12040559	Ancestry and sex-combined meta-analysis	1	"96,337,925"	T	G	0.024		9.090?×?10?9	PTBP2	RWDD3–[]–PTBP2		0.976	0.006	0.006
rs56090583	Ancestry and sex-combined meta-analysis	13	"62,745,302"	I	D	?0.038		1.530?×?10?8	NA	AL592490.1–[]		0.452	0.010	0.010
rs7228924	Ancestry and sex-combined meta-analysis	18	"51,302,255"	G	C	3.261		1.720?×?10?8	POLI	DCC–[]		0.969	0.538	0.538
rs143169712	Ancestry and sex-combined meta-analysis	4	"95,765,215"	C	A	12.829		3.850?×?10?8	BMPR1B	[BMPR1B]		0.065	19.047	19.047
rs73032465	Ancestry and sex-combined meta-analysis	19	"37,000,172"	T	C	3.815		4.130?×?10?8	ZNF567	ZNF566-[]-ZNF567		0.738	1.487	1.487
rs141986240	Ancestry and sex-combined meta-analysis	8	"92,110,308"	G	A	?2.128		4.800?×?10?8	LRRC69	OTUD68-[]-LRRC69		0.882	6.623	6.623
