index	Chr_b38	pos_b38	hg19	hg38	Symbol	rsID	rsID_paper
1	2	58529594	chr2:58756729	chr2:58529594	VRK2	rs35609938	rs35609938
2	2	57912458	chr2:58139593	chr2:57912458	VRK2	rs1040225	rs1040225
3	1	6793031	chr1:6853091	chr1:6793031	CAMTA1	rs34394051	rs34394051
4	2	103500052	chr2:104116510	chr2:103500052	nan	rs545889942	rs545889942*
5	13	108628160	chr13:109280508	chr13:108628160	MYO16	rs72664949	rs72664949
6	12	109564972	chr12:110002777	chr12:109564972	MMAB	rs10850379	rs10850379
7	5	12031588	chr5:12031700	chr5:12031588	CTNND2	rs62337988	rs62337988
8	15	47766941	chr15:48059138	chr15:47766941	SEMA6D	rs11353659	rs11353659
9	13	109761167	chr13:110413514	chr13:109761167	IRS2	rs58120907	rs58120907
10	8	120147170	chr8:121159409	chr8:120147170	COL14A1	rs558002155	rs558002155
11	4	102267552	chr4:103188709	chr4:102267552	SLC39A8	rs13107325	rs13107325
12	18	53320071	chr18:50846441	chr18:53320071	DCC	rs572319557	rs572319557*
13	7	105264421	chr7:104904868	chr7:105264421	SRPK2	rs3801279	rs3801279*
14	15	29642482	chr15:29934686	chr15:29642482	nan		15:29934686
15	5	152586195	chr5:151965756	chr5:152586195	NMUR2	rs535503154	rs535503154
16	20	52421396	chr20:51037935	chr20:52421396	TSHZ2	rs968163	rs968163
17	17	70259256	chr17:68255397	chr17:70259256	nan	rs529593131	rs529593131
18	4	12448173	chr4:12449797	chr4:12448173	nan	rs779897701	rs779897701
19	3	69832282	chr3:69881433	chr3:69832282	MITF	rs62252182	rs62252182
20	22	37428117	chr22:37824152	chr22:37428117	CYTH4	rs192857772	rs192857772
21	13	25960941	chr13:26535079	chr13:25960941	SHISA2	rs7333000	rs7333000
22	12	80431637	chr12:80825417	chr12:80431637	PTPRQ	rs541395135	rs541395135
23	10	107352736	chr10:109112494	chr10:107352736	SORCS1	rs35713684	rs35713684
24	13	41406202	chr13:41980338	chr13:41406202	RGCC	rs556601931	rs556601931
25	4	102267552	chr4:103188709	chr4:102267552	SLC39A8	rs13107325	rs13107325
26	2	57897318	chr2:58124453	chr2:57897318	VRK2	rs72808425	rs72808425
27	1	6846111	chr1:6906171	chr1:6846111	CAMTA1	rs12035477	rs12035477
28	2	140246944	chr2:141004513	chr2:140246944	LRP1B	rs11895946	rs11895946
29	1	95872369	chr1:96337925	chr1:95872369	PTBP2	rs12040559	rs12040559
30	11	89066563	chr11:88799731	chr11:89066563	GRM5	rs34749698	rs34749698
31	5	12019263	chr5:12019375	chr5:12019263	CTNND2	rs4331897	rs4331897
32	1	153792531	chr1:153765007	chr1:153792531	CREB3L4	rs11264408	rs11264408
33	15	47766941	chr15:48059138	chr15:47766941	SEMA6D	rs11353659	rs11353659*
34	12	109467563	chr12:109905368	chr12:109467563	KCTD10	rs6606725	rs6606725
35	8	63969512	chr8:64882069	chr8:63969512	nan	rs10109510	rs10109510
36	6	138710084	chr6:139031221	chr6:138710084	nan	rs559830614	rs559830614
37	9	33927327	chr9:33927325	chr9:33927327	UBAP2	rs745532	rs745532
38	5	104781702	chr5:104117403	chr5:104781702	nan	rs1836999	rs1836999
39	15	99828346	chr15:100368551	chr15:99828346	LYSMD4	rs147393141	rs147393141
40	17	69508972	chr17:67505113	chr17:69508972	MAP2K6	rs59183769	rs59183769
41	6	108543216	chr6:108864419	chr6:108543216	ARMC2	rs9384679	rs9384679
42	12	24120820	chr12:24273754	chr12:24120820	SOX5	rs7139049	rs7139049
43	19	36508780	chr19:36999682	chr19:36508780	ZNF567	rs8100340	rs8100340
44	3	19387936	chr3:19429428	chr3:19387936	KCNH8	rs182518401	rs182518401
45	9	81706573	chr9:84321488	chr9:81706573	nan	rs537077603	rs537077603
46	4	61375932	chr4:62241650	chr4:61375932	ADGRL3	rs11931307	rs11931307
47	8	132801639	chr8:133813884	chr8:132801639	TMEM71	rs235426	rs235426
48	5	155590836	chr5:154970396	chr5:155590836	SGCD	rs11167732	rs11167732
49	7	116692869	chr7:116332923	chr7:116692869	MET	rs758717390	rs758717390
50	5	116606259	chr5:115941955	chr5:116606259	nan		5:115941955
51	10	93706857	chr10:95466614	chr10:93706857	nan	rs35026344	rs35026344
52	7	105344840	chr7:104985287	chr7:105344840	SRPK2	rs112352911	rs112352911
53	8	91098080	chr8:92110308	chr8:91098080	LRRC69	rs141986240	rs141986240
54	4	20902012	chr4:20903635	chr4:20902012	PACRGL	rs146784668	rs146784668
55	4	70424089	chr4:71289806	chr4:70424089	nan	rs559419877	rs559419877:GA
56	15	41048157	chr15:41340355	chr15:41048157	nan	rs188750450	rs188750450
57	5	166426797	chr5:165853802	chr5:166426797	nan	rs537943976	rs537943976
58	4	17381960	chr4:17383583	chr4:17381960	CLRN2	rs578220221	rs578220221
59	16	86993794	chr16:87027400	chr16:86993794	C16orf95	rs556819764	rs556819764
60	4	122237654	chr4:123158809	chr4:122237654	ADCY5	rs140279480	rs140279480
61	8	63969512	chr8:64882069	chr8:63969512	nan	rs10109510	rs10109510
62	7	105264421	chr7:104904868	chr7:105264421	SRPK2	rs3801279	rs3801279
63	20	52342914	chr20:50959453	chr20:52342914	ZFP64	rs13043844	rs13043844
64	20	56123196	chr20:54698252	chr20:56123196	CBLN4	rs36075020	rs36075020
65	18	53304806	chr18:50831176	chr18:53304806	DCC	rs6508220	rs6508220
66	1	6884744	chr1:6944804	chr1:6884744	CAMTA1	rs950493	rs950493
67	2	57970170	chr2:58197305	chr2:57970170	VRK2	rs966721	rs966721
68	12	109467563	chr12:109905368	chr12:109467563	KCTD10	rs6606725	rs6606725
69	4	102267552	chr4:103188709	chr4:102267552	SLC39A8	rs13107325	rs13107325
70	1	6884744	chr1:6944804	chr1:6884744	CAMTA1	rs950493	rs950493
71	2	57897336	chr2:58124471	chr2:57897336	VRK2	rs13392894	rs13392894
72	1	154040744	chr1:154013220	chr1:154040744	CREB3L4	rs2841108	rs2841108
73	12	109450354	chr12:109888159	chr12:109450354	KCTD10	rs3217162	rs3217162
74	11	88944497	chr11:88677665	chr11:88944497	CTSC	rs669480	rs669480
75	2	140219404	chr2:140976973	chr2:140219404	nan	rs4624326	rs4624326
76	12	24079345	chr12:24232279	chr12:24079345	SOX5	rs10842270	rs10842270*
77	12	51741779	chr12:52135563	chr12:51741779	SCN8A	rs11495450	rs11495450
78	7	70036039	chr7:69501025	chr7:70036039	AUTS2	rs7806413	rs7806413*
79	9	101079917	chr9:103842199	chr9:101079917	PLPPR1	rs650891	rs650891
80	8	63969512	chr8:64882069	chr8:63969512	nan	rs10109510	rs10109510
81	5	12019263	chr5:12019375	chr5:12019263	CTNND2	rs4331897	rs4331897
82	1	95872369	chr1:96337925	chr1:95872369	PTBP2	rs12040559	rs12040559
83	13	62171169	chr13:62745302	chr13:62171169	nan	rs56090583	rs56090583
84	18	53775885	chr18:51302255	chr18:53775885	POLI	rs7228924	rs7228924
85	4	94844064	chr4:95765215	chr4:94844064	BMPR1B	rs143169712	rs143169712
86	19	36509270	chr19:37000172	chr19:36509270	ZNF567	rs73032465	rs73032465
87	8	91098080	chr8:92110308	chr8:91098080	LRRC69	rs141986240	rs141986240
